{"cameraMode":{"drawMode":0,"name":"Shaded","section":"Shading Mode"},"sceneLighting":true,"audioPlay":false,"sceneViewState":{"m_AlwaysRefresh":false,"showFog":true,"showSkybox":true,"showFlares":true,"showImageEffects":true,"showParticleSystems":true,"showVisualEffectGraphs":true,"m_FxEnabled":true},"in2DMode":false,"pivot":{"x":-12.599449157714844,"y":-13.621857643127442,"z":2.1898703575134279},"rotation":{"x":0.48751869797706606,"y":0.5121309757232666,"z":-0.4842466711997986,"w":0.5154304504394531},"size":24.115642547607423,"orthographic":false}