{"cameraMode":{"drawMode":0,"name":"Shaded","section":"Shading Mode"},"sceneLighting":true,"audioPlay":false,"sceneViewState":{"m_AlwaysRefresh":false,"showFog":true,"showSkybox":true,"showFlares":true,"showImageEffects":true,"showParticleSystems":true,"showVisualEffectGraphs":true,"m_FxEnabled":true},"in2DMode":false,"pivot":{"x":8.343509674072266,"y":-0.5924851894378662,"z":0.595989465713501},"rotation":{"x":0.0029248103965073826,"y":0.9941974878311157,"z":-0.10477126389741898,"w":0.02652072161436081},"size":2.6165707111358644,"orthographic":false}