{"cameraMode":{"drawMode":0,"name":"Shaded","section":"Shading Mode"},"sceneLighting":true,"audioPlay":false,"sceneViewState":{"m_AlwaysRefresh":false,"showFog":true,"showSkybox":true,"showFlares":true,"showImageEffects":true,"showParticleSystems":true,"showVisualEffectGraphs":true,"m_FxEnabled":true},"in2DMode":false,"pivot":{"x":8.693432807922364,"y":-0.8199793100357056,"z":0.5398485660552979},"rotation":{"x":0.013158467598259449,"y":0.9869428277015686,"z":-0.10698914527893067,"w":0.12017539888620377},"size":2.693145990371704,"orthographic":false}