{"count":1,"self":2048.50176,"total":4472.7635402999995,"children":{"InitializeActuators":{"count":1,"self":0.0019667,"total":0.0019667,"children":null},"InitializeSensors":{"count":1,"self":0.0079688,"total":0.0149997,"children":{"CreateObservableSensors":{"count":1,"self":0.0070309,"total":0.0070309,"children":null}}},"AgentSendState":{"count":215276,"self":0.7355737,"total":217.06811919999998,"children":{"CollectObservations":{"count":108016,"self":4.2100232,"total":4.2100233,"children":null},"WriteActionMask":{"count":108016,"self":0.0837233,"total":0.0837233,"children":null},"RequestDecision":{"count":108016,"self":0.24988049999999998,"total":212.0387989,"children":{"AgentInfo.ToProto":{"count":108016,"self":0.465161,"total":211.7889184,"children":{"GenerateSensorData":{"count":108016,"self":78.1492672,"total":211.32375739999998,"children":{"CameraSensor.WriteToTensor":{"count":108016,"self":133.1744896,"total":133.17448969999998,"children":null}}}}}}}}},"DecideAction":{"count":215276,"self":2200.6945791999997,"total":2200.6946562999997,"children":null},"AgentAct":{"count":215276,"self":3.4107284,"total":6.4811138999999995,"children":{"AgentInfo.ToProto":{"count":1515,"self":0.0072894,"total":3.0703855,"children":{"GenerateSensorData":{"count":1515,"self":1.0077702,"total":3.0630960999999997,"children":{"CameraSensor.WriteToTensor":{"count":1515,"self":2.055326,"total":2.0553258999999997,"children":null}}}}}}}},"gauges":{"AlphaRomeo.CumulativeReward":{"count":1515,"max":-99954,"min":-101014,"runningAverage":-100151.125,"value":-100038,"weightedAverage":-100119.484}},"metadata":{"timer_format_version":"0.1.0","start_time_seconds":"1638623316","unity_version":"2020.3.17f1","command_line_arguments":"C:\\Users\\carlo\\Desktop\\TCC\\tcc-autonomous-driving-curriculum-learning\\pista1\\Car_AI\\build\\Alpha Romeo.exe --mlagents-port 5007","communication_protocol_version":"1.5.0","com.unity.ml-agents_version":"2.1.0-exp.1","scene_name":"CarScene","end_time_seconds":"1638627789"}}