{"count":1,"self":3188.499456,"total":3854.7814163999997,"children":{"InitializeActuators":{"count":1,"self":0.002,"total":0.002,"children":null},"InitializeSensors":{"count":1,"self":0.0010003,"total":0.0090007,"children":{"CreateObservableSensors":{"count":1,"self":0.0080004,"total":0.0080004,"children":null}}},"AgentSendState":{"count":186825,"self":1.1919137,"total":11.8366934,"children":{"CollectObservations":{"count":94834,"self":6.9480944,"total":6.9480939999999993,"children":null},"WriteActionMask":{"count":94834,"self":0.15133059999999998,"total":0.15133059999999998,"children":null},"RequestDecision":{"count":94834,"self":0.43778819999999996,"total":3.5453550999999996,"children":{"AgentInfo.ToProto":{"count":94834,"self":0.5849694,"total":3.1075668999999997,"children":{"GenerateSensorData":{"count":94834,"self":2.5225976,"total":2.5225975,"children":null}}}}}}},"DecideAction":{"count":186825,"self":649.72620799999993,"total":649.7262208,"children":null},"AgentAct":{"count":186825,"self":4.6840503999999994,"total":4.7069493,"children":{"AgentInfo.ToProto":{"count":1144,"self":0.0079837,"total":0.0228988,"children":{"GenerateSensorData":{"count":1144,"self":0.014915099999999999,"total":0.014915099999999999,"children":null}}}}}},"gauges":{"AlphaRomeo.CumulativeReward":{"count":1144,"max":-140000,"min":-8112000,"runningAverage":-662851.563,"value":-630000,"weightedAverage":-644500.1}},"metadata":{"timer_format_version":"0.1.0","start_time_seconds":"1638450401","unity_version":"2020.3.17f1","command_line_arguments":"C:\\Users\\carlo\\Desktop\\TCC\\tcc-autonomous-driving-curriculum-learning\\pista3 - Sensores\\Car_AI\\build\\Alpha Romeo.exe --mlagents-port 5006","communication_protocol_version":"1.5.0","com.unity.ml-agents_version":"2.1.0-exp.1","scene_name":"CarScene","end_time_seconds":"1638454256"}}