{"count":1,"self":2403.2475136,"total":3762.8404527999996,"children":{"InitializeActuators":{"count":1,"self":0.0010033,"total":0.0010033,"children":null},"InitializeSensors":{"count":1,"self":0.0060054999999999996,"total":0.0132824,"children":{"CreateObservableSensors":{"count":1,"self":0.0072768999999999993,"total":0.0072768999999999993,"children":null}}},"AgentSendState":{"count":182064,"self":0.61936879999999994,"total":131.1794713,"children":{"CollectObservations":{"count":91372,"self":3.7657388,"total":3.7657387,"children":null},"WriteActionMask":{"count":91372,"self":0.085294399999999992,"total":0.085294399999999992,"children":null},"RequestDecision":{"count":91372,"self":0.2428822,"total":126.70906939999999,"children":{"AgentInfo.ToProto":{"count":91372,"self":0.41372529999999996,"total":126.4661872,"children":{"GenerateSensorData":{"count":91372,"self":3.7446568,"total":126.0524619,"children":{"CameraSensor.GetCompressedObservation":{"count":91372,"self":122.30780159999999,"total":122.30780519999999,"children":null}}}}}}}}},"DecideAction":{"count":182064,"self":1223.9263744,"total":1223.9263277999999,"children":null},"AgentAct":{"count":182064,"self":2.6795556,"total":4.4707612,"children":{"AgentInfo.ToProto":{"count":1304,"self":0.0029159,"total":1.7912055,"children":{"GenerateSensorData":{"count":1304,"self":0.0414116,"total":1.7882896,"children":{"CameraSensor.GetCompressedObservation":{"count":1304,"self":1.746878,"total":1.746878,"children":null}}}}}}}},"gauges":{"AlphaRomeo.CumulativeReward":{"count":1304,"max":-99998,"min":-101968,"runningAverage":-100145.2,"value":-100198,"weightedAverage":-100144.6}},"metadata":{"timer_format_version":"0.1.0","start_time_seconds":"1638643912","unity_version":"2020.3.17f1","command_line_arguments":"C:\\Users\\carlo\\Desktop\\TCC\\tcc-autonomous-driving-curriculum-learning\\pista2\\Car_AI\\build\\Alpha Romeo.exe --mlagents-port 5007","communication_protocol_version":"1.5.0","com.unity.ml-agents_version":"2.1.0-exp.1","scene_name":"CarScene","end_time_seconds":"1638647674"}}