{
    "name": "root",
    "gauges": {
        "AlphaRomeo.Policy.Entropy.mean": {
            "value": -1.1920928244535389e-07,
            "min": -1.1920928244535389e-07,
            "max": -1.1920928244535389e-07,
            "count": 11
        },
        "AlphaRomeo.Policy.Entropy.sum": {
            "value": -6.556510470545618e-06,
            "min": -1.5258788153005298e-05,
            "max": -6.556510470545618e-06,
            "count": 11
        },
        "AlphaRomeo.Step.mean": {
            "value": 695.0,
            "min": 64.0,
            "max": 695.0,
            "count": 11
        },
        "AlphaRomeo.Step.sum": {
            "value": 695.0,
            "min": 64.0,
            "max": 695.0,
            "count": 11
        },
        "AlphaRomeo.Policy.ExtrinsicBaselineEstimate.mean": {
            "value": 0.6580538749694824,
            "min": -0.0009734121849760413,
            "max": 0.6580538749694824,
            "count": 11
        },
        "AlphaRomeo.Policy.ExtrinsicBaselineEstimate.sum": {
            "value": 0.6580538749694824,
            "min": -0.0009734121849760413,
            "max": 0.6580538749694824,
            "count": 11
        },
        "AlphaRomeo.Policy.ExtrinsicValueEstimate.mean": {
            "value": 0.6580538749694824,
            "min": -0.0009734121849760413,
            "max": 0.6580538749694824,
            "count": 11
        },
        "AlphaRomeo.Policy.ExtrinsicValueEstimate.sum": {
            "value": 0.6580538749694824,
            "min": -0.0009734121849760413,
            "max": 0.6580538749694824,
            "count": 11
        },
        "AlphaRomeo.IsTraining.mean": {
            "value": 1.0,
            "min": 1.0,
            "max": 1.0,
            "count": 11
        },
        "AlphaRomeo.IsTraining.sum": {
            "value": 1.0,
            "min": 1.0,
            "max": 1.0,
            "count": 11
        },
        "AlphaRomeo.Losses.PolicyLoss.mean": {
            "value": 0.06023508282378316,
            "min": 0.028840789943933486,
            "max": 0.06023508282378316,
            "count": 5
        },
        "AlphaRomeo.Losses.PolicyLoss.sum": {
            "value": 0.06023508282378316,
            "min": 0.028840789943933486,
            "max": 0.06023508282378316,
            "count": 5
        },
        "AlphaRomeo.Losses.ValueLoss.mean": {
            "value": 6009043.8,
            "min": 5507622.6,
            "max": 6035203.6,
            "count": 5
        },
        "AlphaRomeo.Losses.ValueLoss.sum": {
            "value": 6009043.8,
            "min": 5507622.6,
            "max": 6035203.6,
            "count": 5
        },
        "AlphaRomeo.Losses.BaselineLoss.mean": {
            "value": 6009053.2,
            "min": 5507622.6,
            "max": 6035203.6,
            "count": 5
        },
        "AlphaRomeo.Losses.BaselineLoss.sum": {
            "value": 6009053.2,
            "min": 5507622.6,
            "max": 6035203.6,
            "count": 5
        },
        "AlphaRomeo.Policy.LearningRate.mean": {
            "value": 0.000296214001262,
            "min": 0.000296214001262,
            "max": 0.000299232000256,
            "count": 5
        },
        "AlphaRomeo.Policy.LearningRate.sum": {
            "value": 0.000296214001262,
            "min": 0.000296214001262,
            "max": 0.000299232000256,
            "count": 5
        },
        "AlphaRomeo.Policy.Epsilon.mean": {
            "value": 0.19873800000000003,
            "min": 0.19873800000000003,
            "max": 0.199744,
            "count": 5
        },
        "AlphaRomeo.Policy.Epsilon.sum": {
            "value": 0.19873800000000003,
            "min": 0.19873800000000003,
            "max": 0.199744,
            "count": 5
        },
        "AlphaRomeo.Policy.Beta.mean": {
            "value": 0.0004938162,
            "min": 0.0004938162,
            "max": 0.0004987456,
            "count": 5
        },
        "AlphaRomeo.Policy.Beta.sum": {
            "value": 0.0004938162,
            "min": 0.0004938162,
            "max": 0.0004987456,
            "count": 5
        },
        "AlphaRomeo.Environment.EpisodeLength.mean": {
            "value": 374.0,
            "min": 374.0,
            "max": 374.0,
            "count": 2
        },
        "AlphaRomeo.Environment.EpisodeLength.sum": {
            "value": 374.0,
            "min": 374.0,
            "max": 374.0,
            "count": 2
        },
        "AlphaRomeo.Environment.CumulativeReward.mean": {
            "value": 37500.0,
            "min": 37500.0,
            "max": 37500.0,
            "count": 1
        },
        "AlphaRomeo.Environment.CumulativeReward.sum": {
            "value": 37500.0,
            "min": 37500.0,
            "max": 37500.0,
            "count": 1
        },
        "AlphaRomeo.Policy.ExtrinsicReward.mean": {
            "value": 37500.0,
            "min": 37500.0,
            "max": 37500.0,
            "count": 1
        },
        "AlphaRomeo.Policy.ExtrinsicReward.sum": {
            "value": 37500.0,
            "min": 37500.0,
            "max": 37500.0,
            "count": 1
        },
        "AlphaRomeo.Environment.GroupCumulativeReward.mean": {
            "value": 0.0,
            "min": 0.0,
            "max": 0.0,
            "count": 1
        },
        "AlphaRomeo.Environment.GroupCumulativeReward.sum": {
            "value": 0.0,
            "min": 0.0,
            "max": 0.0,
            "count": 1
        }
    },
    "metadata": {
        "timer_format_version": "0.1.0",
        "start_time_seconds": "1631796323",
        "python_version": "3.8.8 (default, Apr 13 2021, 15:08:03) [MSC v.1916 64 bit (AMD64)]",
        "command_line_arguments": "C:\\Users\\carlo\\anaconda3\\Scripts\\mlagents-learn config/v2.yaml --run-id=teste1",
        "mlagents_version": "0.27.0",
        "mlagents_envs_version": "0.27.0",
        "communication_protocol_version": "1.5.0",
        "pytorch_version": "1.9.0",
        "numpy_version": "1.19.5",
        "end_time_seconds": "1631796358"
    },
    "total": 34.9024848,
    "count": 1,
    "self": 0.009454300000001581,
    "children": {
        "run_training.setup": {
            "total": 0.6546946999999994,
            "count": 1,
            "self": 0.6546946999999994
        },
        "TrainerController.start_learning": {
            "total": 34.2383358,
            "count": 1,
            "self": 0.020342499999998154,
            "children": {
                "TrainerController._reset_env": {
                    "total": 15.7611356,
                    "count": 1,
                    "self": 15.7611356
                },
                "TrainerController.advance": {
                    "total": 18.2449044,
                    "count": 751,
                    "self": 0.01872290000000376,
                    "children": {
                        "env_step": {
                            "total": 15.802592900000015,
                            "count": 751,
                            "self": 10.828114499999995,
                            "children": {
                                "SubprocessEnvManager._take_step": {
                                    "total": 4.960999199999993,
                                    "count": 751,
                                    "self": 0.07343209999995182,
                                    "children": {
                                        "TorchPolicy.evaluate": {
                                            "total": 4.887567100000041,
                                            "count": 751,
                                            "self": 1.1112366000000407,
                                            "children": {
                                                "TorchPolicy.sample_actions": {
                                                    "total": 3.7763305000000003,
                                                    "count": 751,