{"count":1,"self":389.68896,"total":10504.1537367,"children":{"InitializeActuators":{"count":1,"self":0.0009998,"total":0.0009998,"children":null},"InitializeSensors":{"count":1,"self":0.0010003,"total":0.0069999,"children":{"CreateObservableSensors":{"count":1,"self":0.0059996,"total":0.0059996,"children":null}}},"AgentSendState":{"count":381082,"self":1.6293989,"total":24.2661263,"children":{"CollectObservations":{"count":191142,"self":18.058128,"total":18.0581283,"children":null},"WriteActionMask":{"count":191142,"self":0.1820752,"total":0.1820752,"children":null},"RequestDecision":{"count":191142,"self":0.43615109999999996,"total":4.3965239,"children":{"AgentInfo.ToProto":{"count":191142,"self":0.8405986,"total":3.9603728,"children":{"GenerateSensorData":{"count":191142,"self":3.1197741999999997,"total":3.1197741999999997,"children":null}}}}}}},"DecideAction":{"count":381082,"self":10084.348723199999,"total":10084.348981699999,"children":null},"AgentAct":{"count":381082,"self":5.7912592,"total":5.8406842999999995,"children":{"AgentInfo.ToProto":{"count":2380,"self":0.0079779,"total":0.0494253,"children":{"GenerateSensorData":{"count":2380,"self":0.041447399999999995,"total":0.041447399999999995,"children":null}}}}}},"gauges":{"AlphaRomeo.CumulativeReward":{"count":2380,"max":15950,"min":-1900,"runningAverage":559.0957,"value":1500,"weightedAverage":869.382141}},"metadata":{"timer_format_version":"0.1.0","start_time_seconds":"1635108407","unity_version":"2020.3.17f1","command_line_arguments":"C:\\Users\\carlo\\Desktop\\TCC\\v3\\Car_AI\\Car_AI\\build\\Alpha Romeo.exe --mlagents-port 5005","communication_protocol_version":"1.5.0","com.unity.ml-agents_version":"2.1.0-exp.1","scene_name":"CarScene","end_time_seconds":"1635118911"}}